hash,clauses,variables,cls1,cls2,cls3,cls4,cls5,cls6,cls7,cls8,cls9,cls10p,horn,invhorn,positive,negative,hornvars_mean,hornvars_variance,hornvars_min,hornvars_max,hornvars_entropy,invhornvars_mean,invhornvars_variance,invhornvars_min,invhornvars_max,invhornvars_entropy,balancecls_mean,balancecls_variance,balancecls_min,balancecls_max,balancecls_entropy,balancevars_mean,balancevars_variance,balancevars_min,balancevars_max,balancevars_entropy,vcg_vdegree_mean,vcg_vdegree_variance,vcg_vdegree_min,vcg_vdegree_max,vcg_vdegree_entropy,vcg_cdegree_mean,vcg_cdegree_variance,vcg_cdegree_min,vcg_cdegree_max,vcg_cdegree_entropy,vg_degree_mean,vg_degree_variance,vg_degree_min,vg_degree_max,vg_degree_entropy,cg_degree_mean,cg_degree_variance,cg_degree_min,cg_degree_max,cg_degree_entropy
00aefd1fc30c425075166ca051e57218,976656,430288,367,552383,125455,22262,8367,10922,7087,3076,2736,244001,854048,552750,367,122608,158.19756489243255,365989.92099033203,0,4153,0.2743474836667985,2.568350573684196,37.53581436070329,0,514,0.507963780050412,0.5243508512208392,0.20144590386009975,0,1,0.9896040298821935,0.6358792671335572,0.11564159957886606,0,1,0.973882747841695,158.76745164296614,366963.20036420436,0,4158,0.30198996169059955,69.94877213676031,45298.38771990124,1,1447,0.37304099349571845,113922.3978302956,188948572574.00742,0,2526661,0.31785305775575423,172779.94295432608,281693257995.4722,3,3437301,0.7833680387054137
0241f35c5752768d2b0580533d143a14,834735,31983,3,833246,1,1,4,2,0,9,5,1464,1489,833249,1489,833246,0.9999687343671851,3.126465527661282e-05,0,1,0.0005129982254881138,52.104020760380635,462.6036431631496,0,132,0.8973095998629199,0,0,0,0,0,0.022965693181362188,0.0001285305521063819,0,0.5,0,53.103895697848685,462.6161128875671,0,133,0.8973134176332884,2.0347475546131313,0.6910374516205107,1,23,0.0051255921741075235,126.08807528764402,1863.2692875160935,0,287,0.8968834241535603,125.7787836858419,4039.9163828749492,1,2957,0.7231705594212455
07c3cce524e2b85d8315ac4397ef08c4,134861,35961,1,33322,96068,0,0,5444,0,0,0,26,55384,110099,24019,2226,3.7706467938379387,9.507821999765758,0,28,0.4587364881910884,8.674573160558392,51.8546390550586,0,30,0.3983872370600618,0.507494839415854,0.10992028791398838,0,1,0.7812669106706975,0.9024262299078168,0.0514558022610651,0.034482758620689655,1,0.6402898354465655,10.795061453756722,98.4600301127351,0,34,0.4290595191874837,2.878608344888472,0.7057318069283774,1,27,0.40093954327358916,33.72131694566494,872.3329358330855,0,104,0.4223255187861722,57.33008060150874,599.0798189396811,13,672,0.375330117192199
0bbdb9c15c80e79e8c8059246d7480b3,4103,1090,0,0,4103,0,0,0,0,0,0,0,2073,2030,505,482,5.700274977085233,10.594857852893552,0,21,0.8473040026925261,5.582034830430798,9.466001725642936,0,20,0.830197367077992,0.3797221545210831,0.0456721626264085,0,0.5,0,0.6193805204184828,0.06164049233241787,0,1,0.49493803838014566,11.282309807516027,28.930383665705822,0,32,0.896258501324548,3,0,3,3,0,33.84692942254814,260.37345299135256,0,96,0.896258501324548,41.53960516695094,91.19115626623689,14,78,0.89722567920692
0d16634437519c6d2e1ae0cf82145e07,13091,1100,0,0,12816,275,0,0,0,0,0,0,275,12816,275,12816,0.9990917347865587,0.0009074402677443749,0,1,0.010487410010123587,34.9209809264306,150.68312928301495,0,84,0.6575147519120704,0,0,0,0,0,0.03182095555844422,9.075317966092438e-05,0.011904761904761904,0.041666666666666664,0,35.920072661217084,150.74747174767217,0,85,0.6575147519120704,3.021006798563901,0.02056551297799465,3,4,0.14705671700393558,108.75930971843773,1356.923902884091,0,256,0.6575147519120704,121.1931861584295,627.9723804297101,75,340,0.7628154977019914
0e9f0315dd6f93a2613812dfbfcfffa9,9086,2200,0,0,9086,0,0,0,0,0,0,0,4555,4531,1174,1169,6.20854157201272,5.922434992478955,0,16,0.8070726781886441,6.175829168559734,6.538370791352732,0,16,0.8248998339872199,0.37106537530266265,0.0478431749028251,0,0.5,0,0.6403664887514511,0.0510765297709877,0,1,0.4763045792593508,12.384370740572454,12.55284977440968,0,25,0.8514525492955022,3,0,3,3,0,37.15311222171738,112.97564796968715,0,75,0.8514525492955022,40.19392471934832,39.86333971434164,21,65,0.8600260102547769
19d28dbff9188a8bd38bcf78a6a3f4aa,696581,156980,13310,570471,82900,3320,13280,3340,6640,0,0,3320,434056,613616,3536,245804,6.545167886559475,10.966008543074345,0,16,0.6980365239433628,7.922977940005409,13.928308051755122,0,15,0.8041588288738911,0.5528907940673563,0.21102170161330516,0,1,0.9993431120153227,0.5485363105656227,0.060034167272713976,0.125,1,0.560204772959056,10.079895019142505,24.55943048311521,0,26,0.6638561495300026,2.271597990757727,0.8750545537827575,1,10,0.33130019472866096,26.780400175817338,189.52697928578073,0,72,0.7722427372007442,28.43216510355493,275.30931489884955,5,98,0.7541647005309264
1ea3303c1afa65b98320e4383de5db00,1516,212,0,0,0,936,480,100,0,0,0,0,399,396,71,78,8.056338028169012,3.6681875289294466,0,12,0.8241532747376298,7.971830985915496,2.6470938305891702,0,12,0.8397972390508031,0.5280343007915564,0.10878238639308348,0,1,0.8164638461113194,0.9603218003691938,0.006558094813198509,0.6666666666666666,1,0.7386650272701814,31.66197183098592,92.58057263770417,0,60,0.6496216051329642,4.448548812664906,0.3792788966938408,4,6,0.7656821319843233,143.5492957746479,3664.9236262646305,0,328,0.6496216051329642,153.857519788918,3935.1670344817985,96,360,0.8767902821581371
1eea3d913d346b900252d77fc0cb25c8,10313,3176,141,3012,7160,0,0,0,0,0,0,0,5950,5971,1749,1724,4.824047843877864,40.51830114722308,0,92,0.5363330402426142,4.845451683978594,43.23925614631209,0,89,0.5400388736583719,0.40274410937651545,0.11029306135020325,0,1,0.5900950677713783,0.9864776902887132,0.0045282582511831666,0.5,1,0.2607601351795094,8.701605288007551,164.23327724678347,0,176,0.5606852085689209,2.6805973043731264,0.24472874242267695,1,3,0.6112142899620184,24.11992445703493,1504.244038017585,0,528,0.5691023336256402,73.91884029865233,4040.9371734054107,3,192,0.8325280911017314
2115182958f6cfb5a172a24f989b86dd,297899,77529,1,75848,222008,0,0,0,0,0,0,42,149851,149852,43,74046,5.7962853089127035,32.929066557061354,0,44,0.08719983394381844,4.820147039855547,336.77188353313124,0,126,0.0855800663820183,0.37867364442311185,0.04896928667227703,0,1,0.05330095277681508,0.7369350887290302,0.003959135066235984,0.024096385542168676,1,0.0002281126246524907,10.569908422546138,579.1381090719692,0,170,0.07751199304361024,2.7508820103458325,0.40700524591147547,1,42,0.41025732162875017,30.64043596027343,4312.576569499091,0,466,0.07384433653900355,179.80073447712456,19110.425004445242,4,7109,0.2735103968789237
21e6e2a12564427cb2820bef20cb2bf4,67586,7000,1,56649,5901,437,591,208,493,221,319,2766,28008,60582,343,31490,9.424082273960867,401.7348806925596,0,502,0.5510423730022223,17.92915297814597,1298.1178202938386,0,729,0.6828953467098872,0.44740733441133407,0.21323682735485888,0,1,0.9547849600135965,0.45026449198648894,0.10408030921256825,0.03508771929824561,1,0.5710446458767746,27.27381802599632,5018.016867710923,0,1453,0.6547693911181606,2.8252004853075974,9.899223486127669,1,58,0.21579029396274096,172.6187687473219,405225.7968138534,0,12650,0.7776348434753168,596.8530168969913,1547195.1717496202,10,15863,0.848861206788732
254b88de91fa4e3e0bff1df62eb7f4dc,13979,3711,0,595,13384,0,0,0,0,0,0,0,6970,7009,6970,7009,5.558189655172414,20.87807948127227,0,44,0.6709062887899376,5.579202586206895,20.799222639993328,0,44,0.66909276686985,0,0,0,0,0,0.9521014535599933,0.0116065655430461,0.3333333333333333,1,0.7903474381800893,11.137392241379294,83.01937768235351,0,88,0.690221816931264,2.9574361542313468,0.04075216480203577,2,3,0.25392629574597764,33.09159482758618,733.9183345254894,0,264,0.6668281559276741,54.98318906931844,690.2078152536874,6,219,0.8991479148342413
2c31104b38ad68ddd846e03ad248bcee,1531966,536882,1,1021310,510655,0,0,0,0,0,0,0,852384,1141619,168927,559275,3.9023660648597174,7366.766059317184,0,36961,0.22742598149339893,4.476850635985896,5921.7938564605865,0,36904,0.22221610269079148,0.4131292731039693,0.1866872261215272,0,1,0.8832340316194538,0.6938835375648219,0.005907659395848038,0.6666666666666666,1,0.2814945062713512,6.658035363384655,16014.250624442459,0,49347,0.12953396092632027,2.333332462992183,0.2222232376196913,1,3,0.5793888423782001,16.169511793071965,100090.09413423546,0,123367,0.12935317149706932,5627.787195016028,215850496.91396564,4,73839,0.4627172518862864
2d6d26e1c5b4f2763c03697a6d00d3cf,510,125,0,0,500,10,0,0,0,0,0,0,250,257,53,57,6.007936507936509,0.3570798689846311,0,8,0.1866837938607436,6.11904761904762,0.723922902494331,0,9,0.233889167433059,0.39313725490196083,0.044299307958477564,0,1,0.052046084774824405,0.9856630824372757,0.002980434475404992,0.7777777777777778,1,0.3451173149449529,12.222222222222225,2.6172839506172862,0,20,0.2365534719293298,3.019607843137255,0.019223375624759707,3,4,0.13923299905509884,36.98412698412697,33.6981607457798,0,68,0.2365534719293298,37.55294117647058,26.51386389850058,36,68,0.33672207039548163
2efb9075d56838fdcfb9e3bbd7634420,738,149,0,2,72,184,480,0,0,0,0,0,192,183,33,37,5.433333333333333,6.325555555555553,0,10,0.8782390610773906,5.239999999999998,6.689066666666665,0,10,0.8284740509336835,0.49333785004516667,0.07435903340326691,0,1,0.4435758483554321,0.9989604989604988,0.00015884267443519006,0.8461538461538461,1,0.058427455554993256,22.37333333333334,51.8072888888889,0,32,0.8069932738928789,4.5474254742547355,0.4591329382128513,2,5,0.6269651385922402,104,1687.2533333333333,0,160,0.8069932738928789,112.27100271002708,1213.5850941165243,12,160,0.8987849873051565
31746b8d1bf7628c843592a85a8d95ba,5782906,49848,0,5774598,0,0,0,8308,0,0,0,0,8308,5774598,8308,5774598,0.9999799394170432,2.0060180533551925e-05,0,1,0.0003419919660033315,231.68360448554662,4105.966615377351,0,304,0.6754075754367272,0,0,0,0,0,0.004743454625939869,2.715144267744409e-06,0.003289473684210526,0.02564102564102564,0,232.68358442496356,4105.975930853856,0,305,0.6754075754367272,2.0057465917654596,0.02295334374490106,2,6,0.015637533483207552,469.36708860759586,16423.978728672104,0,614,0.6754075754367272,502.09806764972427,10189.156263695486,192,1830,0.6570020543286638
31c4aacd83bfd2aa7a9762a5b463b992,689652,44,0,0,28,0,0,0,689624,0,0,0,657800,31852,657800,31824,102324.44444444445,7651367180.246913,0,177100,0.9824740868386409,4952.266666666666,36753310.64000001,0,12378,0.7973809625634295,2.030009338042955e-05,1.0149634596423523e-05,0,0.5,0,4.681483686627888e-05,2.324280000184241e-09,0,0.00016160310277957336,0,107276.71111111109,6675132628.960989,0,177104,0.7973809625634295,6.999837599252788,0.0006495766141710951,3,7,0.000650854280418746,750929.5111111111,327078709503.272,0,1239712,0.7973809625634295,1186473.9635497986,58547593997.04995,86639,1239726,0.6807741845964149
3334919f6e241ce87c5b91ed90fc0c1c,236609,15257,0,10096,201207,25306,0,0,0,0,0,0,16386,204137,2273,2399,2.631930790405037,10.142936382154584,0,31,0.5778916950811013,39.698977585529,5227.518049813235,0,339,0.6831974878406472,0.5541329084410638,0.034861700564341964,0,1,0.5589989133214116,0.5029659340668573,0.06337914290737966,0,1,0.6046655841339869,47.51848210774674,5166.90138209762,0,474,0.7531125689606816,3.0642832690218635,0.14549003409919836,2,4,0.4655827048149291,147.86623410669773,47221.339755132525,0,1644,0.7727297218374765,478.80359157935135,49376.69336545878,8,651,0.46078030919874535
37382b66a104f6387b5750bf51942996,55571,8756,28,12786,25852,0,16904,0,0,0,0,1,25774,25676,6694,7037,8.467397510562972,1150.3450887277913,0,761,0.43300282832078546,8.376955578394428,1071.739028164408,0,755,0.4311496779922473,0.44274041816374893,0.09898509152065106,0,1,0.5198455457409469,0.7238932703966235,0.008080257162763633,0.5,1,0.006976725509823058,21.439534087016096,8480.220992725715,0,1980,0.33771060605163716,3.3784887801191203,1.3863750065277716,1,70,0.6586862769339353,81.23101518784972,130536.67393585414,0,7480,0.36660954370832194,1408.765039319074,2855972.628369451,5,7265,0.7710704986164288
3776142aa791fe33916ba9b7e5faa3ec,11513,2764,0,1025,10488,0,0,0,0,0,0,0,7950,4219,239,2658,8.388426763110314,299.49614092456403,0,171,0.3548709619739889,4.206871609403255,84.35720413722291,0,181,0.3417186506097897,0.4026752366889597,0.06767980567271636,0,1,0.3153343421578131,0.9663050284657224,0.011388968181213056,0.4444444444444444,1,0.5758173295359554,12.12079566003618,604.21036320056,0,244,0.28831893045815044,2.9109702075914106,0.08110348847226649,2,3,0.4332230729325302,35.62097649186258,5438.476232681183,0,732,0.2649717650950591,180.39242595326948,7599.900548904981,17,472,0.8181530127906069
39d1ffe5b5729914787dc44a52c2b459,10802,2701,0,2,10800,0,0,0,0,0,0,0,5401,5401,1439,1439,5.996299037749811,0.016270536779236972,0,6,0.00852878731298997,5.996299037749811,0.016270536779236972,0,6,0.00852878731298997,0.3667839289020547,0.04886151395019959,0,0.5,0,1,0,1,1,0,11.992598075499622,0.06508214711694789,0,12,0.00852878731298997,2.99981484910201,0.0001851166171268321,2,3,0.002562779542206299,35.97631384159877,0.6241613937314335,0,36,0.00852878731298997,35.99185336048891,0.09176847766367535,16,36,0.009506072801534203
3faeca5c2ebe548a69b7f739f68e3290,939097,40425,625,138997,791425,7525,25,25,25,25,25,400,125197,938497,925,15300,6.3491070103399005,53.82288756649359,0,25,0.6150211228757775,66.36246475040804,6019.119571662088,0,218,0.6137531808811177,0.5560362774026728,0.03440406932344056,0,1,0.5629301844448011,0.2722877725610693,0.04764287030810994,0,1,0.07201853840824983,66.56283085143241,6063.337379647663,0,219,0.6113490226485926,2.8653791887312345,0.24156500105717366,1,25,0.14799737375612484,196.33931133428965,53731.021190976746,0,660,0.5914719099181345,451.74069877764475,30155.41939205326,38,4692,0.8579125328666914
420e0f2bfaa41c0f5fff2e5614e5b9be,19016,9521,83,9720,9213,0,0,0,0,0,0,0,9691,18844,172,195,2.026780088216765,0.0697512158690113,0,5,0.10063651336456401,4.91682419659736,75.68978415917928,0,85,0.09335561650439134,0.7384570887673539,0.07201652981617745,0,1,0.9999586347797765,0.9711284808040896,0.027562345242688628,0,1,0.19143325481419343,4.952951060701534,81.47940790539741,0,89,0.09344409845608462,2.480122002524172,0.2583343561713367,1,3,0.6534050613948955,12.799831968073931,715.8408401313957,0,261,0.12167151176417126,53.083613798906356,2052.453463086856,3,178,0.38372054649425746
4584de77fc93960884298f76df7a3299,114668,1400,0,114612,0,0,0,0,0,0,0,56,56,114612,56,114612,0.9992862241256248,0.0007132663983766048,0,1,0.00848995094811979,163.614561027837,1156.0455838365697,0,245,0.9451827856107751,0,0,0,0,0,0.006393397802574807,2.1151342996429915e-06,0.004081632653061225,0.013157894736842105,0,164.6138472519629,1156.2798653556813,0,246,0.9451827856107751,2.0112324275299125,0.25821966575977146,2,25,0.006076299414341147,352.21127765881516,4636.3065394810765,0,515,0.9451827856107751,345.2039976279377,9793.794258969347,154,5617,0.908574186721606
462664d89a909e25001e8861f3310210,448652,35508,1192,23967,423493,0,0,0,0,0,0,0,24960,437986,11816,241,1.3722718184122287,0.2393178865191558,0,3,0.48720374498409313,36.561801233490044,3606.0960214929523,0,982,0.6157703053646865,0.5011645997343223,0.014017861274749018,0,1,0.1903792357931044,0.30819110427597407,0.10735527063883495,0,1,0.5302636487651229,37.16255033935057,3586.064934507907,0,982,0.6088804965371277,2.9412662821072897,0.060597763522305684,1,3,0.20637739010007836,110.070601819257,32216.98442651835,0,2945,0.5966313274712794,393.127562119411,65325.31944690432,3,1959,0.9010726287383762
49b23fbd7e11d5cd53a5c6813b4c0624,273520,65604,199,118258,42021,113042,0,0,0,0,0,0,178566,197908,1911,7586,7.3130249218808805,3677.8318073348714,0,15483,0.4099929723554985,7.940919137260868,5412.797058190321,0,18777,0.5041483866359255,0.6461026615969507,0.10959203021325366,0,1,0.9923350307016036,0.761816349644929,0.01762919549802117,0.3333333333333333,1,0.7304244588102473,12.422010517491053,25390.76217082254,0,40731,0.3789307453983607,2.9794749926879076,0.8481309323228716,1,4,0.7363208877273776,40.5470924472217,307413.14021428063,0,141680,0.4047678852009915,6127.099371161171,210026641.5181954,9,40839,0.6741843916362114
4a33154db7511785db10526b6a85c088,1362,409,0,2,1360,0,0,0,0,0,0,0,676,688,166,169,4.941463414634146,1.552671029149318,0,8,0.7723881957623374,5.029268292682932,1.5649970255800119,0,8,0.7743747698476896,0.37775330396475737,0.046913307716690264,0,1,0.01593707233859511,0.6670751633986928,3.387452475543597e-05,0.6666666666666666,0.75,0,9.960975609756105,0.2862819750148723,0,10,0.04362748782118346,2.9985315712187974,0.0014662724981186405,2,3,0.01593707233859511,29.87317073170733,2.769280190362879,0,30,0.04362748782118346,29.95447870778267,0.4399248750973024,14,30,0.0495454499980085
4afd946cbaa6f41aa61dda47347dc973,1127,322,0,0,1127,0,0,0,0,0,0,0,556,571,149,143,5.164086687306505,2.230041503321225,0,10,0.7853641822644123,5.303405572755422,2.1556230769968088,0,9,0.7765079972529567,0.37045252883762175,0.04799118829662194,0,0.5,0,0.9491173416407062,0.005891398138173692,0.8333333333333334,1,0.8876686073543332,10.467492260061919,0.7814509867821986,0,12,0.6596468938356057,3,0,3,3,0,31.40247678018576,7.033058881039781,0,36,0.6596468938356057,31.62644188110027,1.4939947044748996,30,36,0.7996434774977254
4c29bdee73acf1a9dee934107214e2e9,2004246,189446,0,948927,1052330,195,19,245,303,1133,298,796,647993,1968850,7523,338246,7.14907599486933,66.19675051994986,0,411,0.39065682003378105,26.203597840029108,2056.92836533549,0,412,0.4662756281678047,0.5669374537831643,0.115457390438417,0,1,0.8893906272766234,0.8193510820469221,0.015247803374753932,0.004889975550122249,1,0.08025199933169035,28.392077995428764,2118.2965010301314,0,418,0.3517896572095668,2.6836995059489093,59.484208624888964,2,399,0.20167806531089977,705.506310472049,85330.3418592309,0,1248,0.5455539297098204,276.42318158550955,62659.917160024,12,8892,0.49881829132152133
4db3c8f389b969aec21a44254d47e548,3517,1019,348,2664,239,24,29,33,54,45,27,54,3068,3011,571,227,7.128431372549022,35.39821126489811,0,26,0.757335579934602,5.782352941176459,17.068316032295275,0,20,0.7261546199631298,0.6766381574385558,0.1912851716147603,0,1,0.9510446860857459,0.4604150679052446,0.14481958558628563,0,1,0.7655829372023986,8.228431372549025,44.82919165705498,0,28,0.7422246496483048,2.3864088711970446,2.673832909878651,1,13,0.381319750207366,28.85588235294117,1073.5978575547863,0,165,0.7075898364034389,32.63775945408021,1096.594400211686,1,303,0.7277256391095415
4e86275abdfc23e74db13a83f97de624,8496,3486,0,0,5664,2832,0,0,0,0,0,0,3529,4243,698,1436,3.640665328362487,14.379338588023584,0,22,0.7059346073261328,3.6504158302265504,22.007702006609154,0,24,0.5273855517663816,0.3893596986817336,0.07646713552583481,0,1,0.42029852342449986,0.9795855771967943,0.006616249052421679,0.18181818181818182,1,0.39730738658056847,8.121594493834253,76.72567936180508,0,44,0.2484963012708717,3.3333333333333197,0.22222222222222188,3,4,0.9182958340544896,27.613421279036388,838.572094030439,0,148,0.21909141598678508,58.562382297551856,29.20138151863216,40,76,0.8789670953388107
4f12308a3da69be08d1f026960f4a278,757474,259705,1,505848,251625,0,0,0,0,0,0,0,403829,559465,101779,300030,3.8723248596489857,57.91663861326362,0,433,0.327470031913106,4.5148937644875735,40.998016568423395,0,405,0.3414362589824976,0.37062922291722394,0.18380737913086653,0,1,0.8439184689302215,0.7039989588826672,0.008572265516583641,0,1,0.22682205522807103,6.802199410102155,118.68608728214588,0,647,0.2591244668314118,2.332188299532406,0.22184187354082266,1,3,0.5786728652917692,16.51104710711381,740.3914611362447,0,1615,0.25278920390745035,56.55648114654755,10191.920868659614,2,962,0.6233994109524487
4fc1fbcdab296aec357e4bc4509577a2,45134,570,0,45115,0,0,0,0,0,0,0,19,32513,35138,9977,12602,113.88091068301229,2805.6145392757358,0,332,0.9432661270401739,123.07530647985992,2522.7071135225306,0,332,0.9327154686396669,0.4996347048986978,0.24993132180764505,0,1,0.9999988087771902,0.006750106955477487,3.129503520485568e-06,0.0030120481927710845,0.014084507042253521,0,159.01926444833646,1756.8034817706982,0,333,0.8826775542807286,2.011787122789914,0.3299005018539409,2,30,0.005327944033576807,345.98949211908996,7059.775721458344,0,694,0.8826775542807286,342.13860947401076,12929.014597844856,147,5340,0.8670940536361041
54ab7029649dd487fa4efa5df048221d,32242,10287,4,19197,0,640,0,4480,0,0,7840,81,20416,15637,3649,11826,11.791115863141558,46.40144906589139,0,21,0.6820030083714558,3.0394634525660926,0.6370507230033201,0,6,0.6163043948051731,0.18287740628166135,0.0961945587909873,0,1,0.5238044072928728,0.5478159284972646,0.08407040983112275,0.2222222222222222,1,0.8030877528927122,14.090104976671837,49.37553194854428,0,23,0.7170091963714066,4.49596799206004,23.666707271229114,1,81,0.5696962525525143,137.5187597200623,9948.911195506811,0,249,0.7450255234023702,79.10374666584006,10268.51218805915,8,1741,0.7749990171418236
58e73745a4af8955a05855fb416bc1a7,550,100,0,450,0,0,0,0,0,0,0,100,100,450,100,450,9.900990099009903,0.9802960494069206,0,10,0.08013604733127523,8.910891089108912,0.7940398000196057,0,9,0.08013604733127523,0,0,0,0,0,0.9,0,0.9,0.9,0,18.811881188118814,3.538868738358982,0,19,0.08013604733127523,3.4545454545454533,9.520661157024797,2,10,0.6840384356390417,116.83168316831686,136.4964219194197,0,118,0.08013604733127523,65.6363636363636,3436.958677685951,38,190,0.6840384356390417
5a5fb82a3672ee898465aa8f1103147f,153,150,1,61,91,0,0,0,0,0,0,0,90,118,36,7,1.417218543046358,4.190167097934302,0,7,0.8575094226021176,1.927152317880795,4.0410508311039,0,7,0.6382245387671149,0.5359477124183009,0.15720449399803485,0,1,0.9366673818775625,0.7857142857142855,0.07050092764378478,0.14285714285714285,1,0.9852281360342514,2.6225165562913912,11.585983070917942,0,14,0.5999577147618435,2.588235294117646,0.25528642829680886,1,3,0.6449341263930577,7.046357615894038,97.7925529582036,0,42,0.5654860420336081,18.222222222222225,102.38198983297023,3,40,0.8431787091523228
5d357f1e4b5abc96c90d305f629edd5c,1652544,337278,0,308554,740790,349200,246000,8000,0,0,0,0,646553,802589,129756,265357,6.199798979479867,6.019479263075451,0,15,0.7387259577309067,6.982978483688566,7.885955779858582,0,12,0.8171549867785706,0.4117981124859568,0.09178407288170963,0,1,0.5242826504798453,0.8708561170820696,0.013394854292429656,0.45454545454545453,1,0.9349968049699563,16.349307250081,66.52438104844575,0,36,0.7569447549687829,3.3368418632122485,0.923577420153646,2,6,0.8144628418962068,59.080245138298196,1525.9631319036469,0,156,0.7366038420949321,68.13246848495157,1508.0792253180393,14,155,0.7899802553223295
5f5754b7a8d036ee51ced0e05ae62c6e,2196861,190994,2410,259301,1050510,884640,0,0,0,0,0,0,634191,869493,664,71994,8.944171313385196,1919.7494368895257,0,288,0.23617243867923568,12.276583156627062,1913.5923307844075,0,289,0.379040585784723,0.7278330308562718,0.07854540227095953,0,1,0.9996341123859518,0.8962486756755225,0.03368167571630241,0,1,0.8934179621978477,37.755449095525904,14673.426767802019,0,574,0.34641950126269433,3.282457105843296,0.44532221161886437,1,4,0.7060220964210117,129.05282337233976,178789.84513764738,0,1716,0.41375492544859876,1399.6377285591984,323036.77040588233,2,1720,0.4712327403495046
60ce5d448c988f645fb1ddbe1c3ed6f9,19321,4876,61,0,19260,0,0,0,0,0,0,0,9702,9680,2497,2391,5.942997744515079,39.04247557370826,0,90,0.5867045062660092,5.929464834939504,36.48261962337895,0,88,0.5864064881411637,0.37350551213705285,0.04724638847176427,0,0.5,0,0.8165352869352855,0.03356762155557644,0.6,1,0.999570134724763,11.859954890301394,142.56906893378635,0,160,0.42466534838664965,2.9936856270379284,0.01258887461821997,1,3,0.030774864716878677,35.55484929259796,1284.2006515920089,0,480,0.42466534838664965,71.49221054810847,7175.779466781614,5,256,0.675236960476414
6486cd04a3965e50cc0fa261511b86fc,36344,3603,0,6944,0,0,0,29400,0,0,0,0,8469,8665,2181,2164,8.24694783573807,37.51337858662401,0,37,0.8271558534419508,8.655382907880135,43.89622241165014,0,52,0.8199880210088878,0.5692026194144849,0.1274465796805692,0,1,0.9363712129351708,0.6363049859013147,0.04139027650511787,0,1,0.34684245000673725,52.79911209766922,1843.6083676910985,0,299,0.8941502545787593,5.235747303543999,2.472928601783971,2,6,0.7036902472309534,301.3806881243066,65890.48215757307,0,1778,0.8893784657064794,459.26155624036903,67472.56679634552,3,1256,0.8782019922574176
6b6dd0a8429c4ac10d5a662f8d3fed95,227629,27377,8,31299,72228,123750,142,16,58,36,32,60,27379,123883,7673,77981,3.2214186573160917,7.767834030950038,0,28,0.6826369599389047,13.834757834757863,40.41341385216029,0,85,0.7086005024933046,0.47662936913428056,0.18443890875557262,0,1,0.9385629688734501,0.6181909486161434,0.15363886528676313,0.07142857142857142,1,0.7236634403305111,28.377456351815145,161.9059597509073,0,155,0.7504349767221873,3.4130888419313745,0.5587593984261657,1,14,0.42601083051519256,101.50047483380833,2396.744265243155,0,562,0.7756562196733012,116.32796348444185,3208.2846922581866,7,467,0.8023317501483639
6bdd9e4670465a1a3df014b1cf847d53,395383,10420,22,27506,20815,12840,36380,67022,85040,78300,40120,27338,43333,376628,16877,336850,41.6246041646675,68758.52101060285,0,2926,0.24637584114344602,233.88100950004798,1066496.3852271163,0,6354,0.221832655250978,0.08329897845886224,0.06574257908017576,0,1,0.33575223854517494,0.6404608809630966,0.06242062188265188,0.0006837606837606838,1,0.5994519002350533,270.7907110641972,1121025.0521582223,0,6360,0.2426039398682186,7.13715561872922,17.987903344230443,1,66,0.7188774409374354,2615.154207849535,111151629.62471808,0,88578,0.24198623025670754,31479.22162561335,338005291.8309043,23,172179,0.910399460005546
73e24a27a8d8582bb440f188d165f0f3,21250,5000,0,0,21250,0,0,0,0,0,0,0,10615,10635,2750,2680,6.367726454709054,59.60582904414915,0,211,0.644239448764544,6.379724055188969,63.63125455292862,0,229,0.6405057853333891,0.37223529411764655,0.04755853287197263,0,0.5,0,0.6286993800386584,0.06497047925662913,0,1,0.5525518518744141,12.747450509898012,233.84283743131394,0,440,0.6896983832398365,3,0,3,3,0,38.242351529694055,2104.585536881826,0,1320,0.6896983832398365,93.27520000000023,8795.960970842349,12,838,0.8219273217993184
73e8c9cc0bbc1e0a366a86777b2a893e,306332,103974,86,204164,102082,0,0,0,0,0,0,0,152822,232286,51514,125474,3.6509160855975105,3.3422808390752476,0,12,0.6871588527805924,4.736927145948526,9.686108855235682,0,24,0.6628218763767153,0.33955642897248606,0.18291872519870433,0,1,0.8219988358921424,0.719854330313781,0.006073593744876436,0.6666666666666666,1,0.13587120739202715,6.873383024765483,10.855302596980419,0,24,0.5278283844841517,2.3329590117911567,0.22265879057151114,1,3,0.5815628532765892,16.691320028853145,68.64877053451349,0,60,0.5278283844841517,19.71982032565971,95.03154988349503,4,59,0.7578716874218632
75d8705ab6a8acffe29585e95268acc0,58349,2345,21,2592,16028,35596,3944,168,0,0,0,0,3727,37377,178,10523,5.156436487638534,22.253873746392443,0,24,0.6046162955312276,56.3610400682012,3516.338959532069,0,265,0.4472844707733176,0.4843070718149994,0.11812313184235707,0,1,0.8058208003059658,0.6036361679066563,0.2023791075172384,0.07228915662650602,1,0.9977800719892497,92.2425404944587,7186.664533017324,0,397,0.5687289137650873,3.70873536821538,0.4498955866050897,1,6,0.5561948739260498,353.2928388746809,102929.84306039772,0,1513,0.5625248156719784,631.052682993714,33252.33913267533,90,974,0.6513740829518733
7882d223c35d697cb9e069b37bac4349,305320,2640,0,305240,0,0,0,0,0,0,0,80,80,305240,80,305240,0.999621355547141,0.0003785010812370845,0,1,0.00485016677710668,231.1548655812195,1338.2793108584935,0,364,0.9301163359753637,0,0,0,0,0,0.0044281844001635845,4.550488425143704e-07,0.0027472527472527475,0.007042253521126761,0,232.15448693676606,1338.4547403747802,0,365,0.9301163359753637,2.0081226254421587,0.25173541166285685,2,33,0.003495490761893465,495.2972358954945,5365.082798115127,0,761,0.9301163359753637,477.77223241189785,17004.989200138767,289,11089,0.8912682978539695
796aa4fc486e799b3a9b0c3d47300355,89842,1125,0,3400,86400,0,0,0,0,0,0,42,53114,38300,15292,7887,139.03285968028416,14574.264461982079,0,349,0.9044488093101891,100.0683836589698,9658.671167369686,0,330,0.8969650010988783,0.3800745769245772,0.05464823725410963,0,1,0.13030563325052585,0.03142117612169422,0.0005533705190378448,0.0025,0.058823529411764705,0,236.96714031971575,26860.450962870174,0,401,0.7891888636580959,2.969936110059901,0.1755503821516854,2,25,0.11929714948227448,717.7841918294843,238125.84063820122,0,1209,0.7891888636580959,1040.4223525745158,46133.06247447201,338,10025,0.23096261828460252
7ecf9c45c29d706fd0020fbf177e6809,1054415,6903,0,227376,826272,0,0,0,0,0,767,0,767,1053648,767,999144,0.9998551564310556,0.00014482258928607395,0,1,0.002056171393753433,424.90845886442764,116686.93455185434,0,3455,0.974455270915139,0.02584561107343883,0.012254809924959954,0,0.5,0,0.006837649212848887,0.0015129896431826137,0.0005763688760806917,0.8807603686635944,0,425.90831402085803,116687.05778719229,0,3456,0.974455270915139,2.7887226566390937,0.19719076559997675,2,9,0.4798263395061031,1217.8561703360365,1022452.053907465,0,9983,0.9717359852089971,1951.7727773220513,851888.7319560376,146,31104,0.9558887220162328
8063f1a73972178c67f29801ae463143,132388,26986,3644,34225,75813,12876,5716,0,0,0,114,0,60533,88965,5323,19198,6.095008707896389,1702.5908177149352,0,3427,0.4480682799128864,8.370585837625505,600.232288547742,0,2285,0.5142368943236111,0.505530460968268,0.10299801175958263,0,1,0.7494415031871656,0.566535138955843,0.043743714699245,0.0040650406504065045,1,0.009159288855530558,14.104680031126113,6718.248537403642,0,6850,0.495675066975216,2.8752077227543302,0.654011744173379,1,9,0.6341561305568826,43.762218846110905,95872.69482188964,0,22825,0.5517482041976064,1410.0539399341383,7355434.907467503,3,13280,0.7547504896896451
807705232d73dc93f2d424f62b597662,422860,305401,1,281906,140953,0,0,0,0,0,0,0,211433,305398,70476,187936,1.7692320286049095,0.9467363202598198,0,4,0.7189056033233159,2.076888821946156,1.9171076046753235,0,6,0.5752171681443741,0.3055597597313595,0.17052553801464315,0,1,0.7642092555034432,0.7243604016590334,0.05276230647825003,0.3333333333333333,1,0.9612420698165487,3.230731953294353,1.8697691638534046,0,7,0.6739792539716176,2.3333301802014565,0.2222259008661,1,3,0.579408832927499,7.846058637468041,10.899085797676314,0,17,0.6337656466834967,8.888766967790813,13.320418207201039,3,19,0.8326121765018024
847acf906ee3e44de934120cc9f6f2c1,214401,27585,4,208880,0,0,5517,0,0,0,0,0,5521,208884,5521,208880,1.0001087508156303,0.00018123953264529468,0,2,0.001668948593146962,15.144058580439282,35.68561992319786,0,61,0.8695395143696492,0,0,0,0,0,0.07573753509681211,0.0007298733824070402,0.016666666666666666,0.16666666666666666,0,16.14402233016747,35.6867541246374,0,62,0.8695395143696492,2.077177811670664,0.22565164691529255,1,5,0.10904627993749978,35.287790908431866,142.73864380403,0,126,0.8606112535492206,38.12565706316651,179.1709911477136,16,307,0.8669723987163146
86173292a2c6a506acf27a81db853bb5,281152,60247,151,61326,219379,296,0,0,0,0,0,0,65480,268531,11028,1151,2.2542325056433414,11.390302096518745,0,78,0.3037039918089747,12.479717169034714,131.57354956812796,0,50,0.8409080602104106,0.5719012017224413,0.052556899633897626,0,1,0.6961520617426615,0.40029238279940754,0.07640796557289899,0,1,0.4476647468649212,12.981742132518823,135.51204880403927,0,84,0.7410528652658595,2.7818546551331393,0.17373772802124315,1,4,0.38735105974747613,36.924080467401375,1194.4347155765881,0,212,0.7900830002566862,65.15216679945377,1208.8151249146174,2,240,0.8902480075011936
864c9758645fc85a9a6cd9a7833b716a,91872,23262,0,35640,44352,11880,0,0,0,0,0,0,68832,58680,36,11052,7.34453853759189,66.69017425186782,0,66,0.11432561371852419,6.546017280660276,315.02645783007534,0,132,0.43939582556226203,0.6120689655172444,0.11818767340467781,0,1,0.9634513846131947,0.7957095567688385,0.03998159209688036,0.6,1,0.99966801215213,10.826462623049503,288.0651003571873,0,132,0.11149608909544788,2.7413793103448474,0.4503567181926325,2,4,0.8951433989421972,31.458023470747733,2610.906536556729,0,396,0.5130859239594544,102.62068965517236,10945.68370986923,24,344,0.887502086478713
888e59713b9c9693546cbc0b12b750f1,10578,2856,0,5178,5400,0,0,0,0,0,0,0,228,10550,28,4950,0.1596079803990199,7.332593195988116,0,101,0.13482527436621006,9.275463773188655,483.7760623067905,0,104,0.7057426333857827,0.27415390432974124,0.07137017181355165,0,1,0.13525983543308684,0.5560315944028735,0.09180023177335213,0,1,0.7191171279765803,9.295064753237664,487.35185873749396,0,104,0.7073177236823097,2.5104934770277967,0.2498898869398686,2,3,0.9996822575409579,24.260413020651022,2769.3693569172697,0,302,0.6559667986698904,154.96350916997523,2141.851759740934,104,211,0.8412435140730298
896bbb32a4480f400a7ae4917f7ee8d6,17465,900,0,1350,0,16020,90,0,0,0,0,5,5887,5999,1219,1309,24.022197558268587,1743.4578868466538,0,272,0.7140627798767409,24.29744728079911,1754.8970967022706,0,273,0.6973894680740338,0.5479057099612821,0.14496618080585943,0,1,0.9664295723074874,0.10579026476296495,0.008856365295664954,0.011235955056179775,0.2,0,75.1165371809101,10701.745575578248,0,362,0.6859738735471576,3.8751789292871472,2.416140284331291,2,90,0.22115631416018738,337.92452830188677,149714.28287228025,0,1439,0.6859738735471576,843.1812195820185,44913.98405038797,12,904,0.2210639328790312
8a37400e66bf1cebf0145e95ee95da7f,2965007,1009736,250211,1990592,723710,0,0,0,0,0,0,494,2575953,1534451,961256,387325,5.809416709499594,25.34742546045081,0,32,0.6880229825687183,2.7939562480130564,13.335706820091941,0,25,0.5340692102201509,0.42354233902315513,0.1833415534603105,0,1,0.8836216100896697,0.46943617449490005,0.13985020472966495,0,1,0.6055475480274993,6.582467513817683,30.274444869200344,0,34,0.6376099692646184,2.2416678948818785,40.600366405518145,1,494,0.5928065105699782,133.97523612584155,45922.71035109032,0,554,0.5565842511340601,25.065707770672848,3508.9755088434085,1,7778,0.7362629460497162
8b5d9b3669e882f52397b4198b821a8b,13938,5121,6,9666,4266,0,0,0,0,0,0,0,7959,10647,1717,5003,3.748535728231168,13.31630496250718,0,73,0.5086275278104229,4.347130027333075,22.15673619902416,0,96,0.45054560703305296,0.4261730520878173,0.19870369282525205,0,1,0.9194394998244749,0.7449607118900825,0.015909913747423527,0,1,0.6480535227504254,6.274111675126886,37.17749847874303,0,128,0.4169210522331874,2.3056392595781383,0.21308485824344656,1,3,0.5639198847903988,15.045685279187843,231.9479323788891,0,318,0.4160406628546903,28.127995408236462,1084.2997313955882,1,254,0.7174879916569346
90fa3ad6efe2a06a5074e1209c871d57,26317,7606,1,12967,11641,1237,367,87,9,1,0,7,20198,17923,887,2444,6.379124490600751,85.76845076496744,0,358,0.5539186459092329,5.7178914158012235,239.77870316528322,0,655,0.4543368881727783,0.6484044202220662,0.12431150284414898,0,1,0.9923316572699175,0.79262054836757,0.033156073400432105,0.06896551724137931,1,0.9608791161369449,8.993690022347815,286.6893252426808,0,692,0.5447315029860877,2.5996504160808502,0.718923767292168,1,73,0.3656393329835009,25.867621927172298,2716.4671612042416,0,2154,0.641878574685252,106.24877455637021,51520.90619268834,6,2555,0.6539179468416377
98c53d2e6e9cbf4a78a258adc529770a,86882,15510,2,31446,55274,100,10,10,10,0,0,30,59470,58860,1,1,9.477789955515467,54.69293395910485,0,66,0.6700885532998988,9.390754948101339,54.62940070011979,0,67,0.6701280681257166,0.6805151726568128,0.058031799140311924,0,1,0.9442810915308437,0.8298479253194625,0.014404839626548404,0.11764705882352941,1,0.43608014620912844,14.813745084133856,169.48158787622094,0,125,0.6340709089105606,2.644690499758255,0.29932086885129944,1,17,0.30478835765966517,40.85436142092714,1482.0489976436,0,371,0.6517694478765168,69.4352339955344,3941.1206010645765,9,643,0.8493905545197878
9962b2bcc448d1dd5be737b32620a2b8,134672,13041,0,25102,63007,35077,8820,350,2065,245,0,6,30099,104874,1014,34139,7.1798037110872555,101.50892196729802,0,900,0.6981381672388698,24.38514031590243,2745.2087440724763,0,639,0.6978764891168071,0.3988889053898927,0.09765923766128792,0,1,0.5577158889479411,0.6375653604840419,0.07278981696374479,0.035211267605633804,1,0.5044330829913969,33.921177733476505,3942.7827764690983,0,1298,0.6975734865108921,3.285018415112279,1.0095628872692866,2,42,0.6198187175055483,121.85646373255649,61250.52885294485,0,6214,0.7560745900634362,493.26142033978715,215268.11739957155,7,1937,0.8709345554984471
9a910a91c04c8626904f860e09aa74a3,32671,10912,1,21780,10890,0,0,0,0,0,0,0,24554,24567,3374,2880,4.976358471547696,176.1658481156107,0,357,0.3794145179154628,5.023641528452321,160.92164395543475,0,335,0.37542242685992305,0.6560252211441335,0.14938053427252884,0,1,0.9999651763012875,0.6929508299806653,0.0036175429685929004,0.6666666666666666,1,0.020960194411353883,6.985338587006333,433.6480943987833,0,544,0.21870836555854267,2.3332925224204826,0.2222698332883356,1,3,0.5796798824744431,16.964262805827882,2712.591777008547,0,1360,0.21870836555854267,161.14906185914083,54798.750514791434,4,1123,0.6677601395793955
9af99c2ae810a0c5496210d40c232e02,47365,800,0,32278,0,0,0,0,0,0,0,15087,31026,32678,0,15939,788.7927590511849,584136.9707840229,0,2130,0.8726993163644446,100.99250936329588,512.1697316556547,0,156,0.9468549927805551,0.35316614160165044,0.22045024905414193,0,1,0.9294855913424633,0.4800048392982599,0.14372675408772592,0.07995618838992333,1,0.18826659840166593,848.9887640449437,615017.6365778726,0,2224,0.8952068584930548,14.357436926000203,338.8989463283579,2,65,0.4311532819705626,32229.18851435707,967090092.9295063,0,85689,0.9934220170635573,22590.002026812967,929994626.2173332,869,103148,0.9144144213085945
9e272266139445d23331ff680f22ecfa,303100,2850,560,302490,0,0,0,0,0,0,0,50,3850,303050,50,299810,3.4689582602595594,1.504736164866002,0,5,0.767107235882245,212.39565064889493,17.32925502211372,0,214,0.767107235882245,0.010689541405476745,0.01057527511001733,0,1,0.08533046975504253,0.010105732393388385,9.627893656900414e-06,0.0047169811320754715,0.014150943396226415,0,213.39529989477376,17.478602952855212,0,215,0.767107235882245,2.007225338172193,0.5008055971936749,1,57,0.013722506612224211,481.5748860049108,87.69932018167354,0,485,0.7201299871377144,428.4968591224066,22825.855862784178,212,12179,0.6912130624527
ae172b720ce980b1ec5337bfd7d5a8ff,397975,196604,134,205904,191937,0,0,0,0,0,0,0,286251,303898,134,13933,3.389766282647964,75.02077876839704,0,426,0.30060188417934763,3.588525215533705,42.19893956352202,0,284,0.30994586937035556,0.7235982159683539,0.07947616647963712,0,1,0.99912049496247,0.9158923280438283,0.05284684322829226,0.024390243902439025,1,0.5556584829959873,5.02404821850921,136.77324737429305,0,568,0.176648326801087,2.481947358502403,0.2503475112687008,1,3,0.6329136061920319,12.97618575315983,908.2211464698074,0,1420,0.1926488502461672,80.0372460581695,46491.871667571,2,1178,0.6304760439943313
b0bdac823fe24b03a84600086b1ae403,2576,400,0,400,1536,128,512,0,0,0,0,0,1155,1224,268,339,8.5785536159601,36.792457758347275,0,34,0.6714487527460746,8.690773067331667,31.34577521284071,0,33,0.6749277144880772,0.4375,0.08789736456176676,0,1,0.4694876248024271,0.9047619047619048,0.020288817281298478,0.5,1,0.9025185000314752,21.14713216957606,272.75890075310474,0,64,0.6718847983214774,3.291925465838509,0.9147795223949697,2,5,0.7702633930523423,75.49127182044892,4655.342193145565,0,256,0.6718847983214774,112.0745341614908,3355.7708421743073,16,224,0.7441389785591183
b11a27554d39876c91a3f5f4ffd1b113,746634,1570,398,4712,26183,8465,30979,675846,5,6,5,35,1195,224143,255,38774,1.678548695098664,18.508381343745913,0,45,0.47067800943763244,772.2367918523231,2690167.769518415,0,32769,0.48456200345745415,0.5178938010298044,0.09181998313413983,0,1,0.7733034104575125,0.7217859442300172,0.19907781150463566,0,1,0.6696214225056305,2758.0413749204313,10692412.639281116,0,32774,0.48951791361478114,5.803222194542327,0.4847920239962272,1,34,0.13275108228638913,16235.929344366634,375299502.95808864,0,194584,0.49089451279356117,38503.53833739042,155617746.88899595,110,132907,0.8756238763241917
b1c44904cf06682f973b60c8282f45e8,3239,647,0,633,2321,285,0,0,0,0,0,0,857,2954,285,61,3.524691358024691,16.076550830666058,0,18,0.7182838892040876,12.699074074074064,111.17641889574762,0,42,0.8531453020454555,0.5348873108984253,0.06963807776118498,0,1,0.6725772631966813,0.32295047233861973,0.035979324576407734,0,1,0.03026578889545225,14.45833333333333,91.3315972222222,0,42,0.8703175753039213,2.892559431923438,0.2718773332230177,2,4,0.702454196766175,43.180555555555564,822.0584490740739,0,122,0.8508465156083156,60.09354739116998,795.3036909973686,8,118,0.9203193401604811
b2c92aebc75da8a15a5388b559b85623,4423,819,12,4386,0,0,0,0,0,0,0,25,2262,4398,30,2166,6.321951219512197,42.42561570493754,0,27,0.2087570491888758,10.712195121951222,174.42204640095173,0,51,0.2087570491888758,0.5034519233874879,0.2499477829472831,0,1,0.9999689894283527,0.2637739908827927,0.06867551762315291,0.16666666666666666,1,0.322181397938132,11.710975609756096,174.4493917311124,0,52,0.2087570491888758,2.171150802622656,6.354835822386308,1,99,0.03936209851191513,59.70365853658536,2348.9060841760866,0,200,0.1960628215048648,57.768256839249396,4787.871911205117,15,4563,0.3784019352311101
b63f00e3eccd98dfa7bae6c4e1e0cdd0,67287,9666,118,49864,13072,4048,0,0,0,0,0,185,24132,59649,3272,33557,6.589014171925113,47.830159646742445,0,51,0.5290604799188751,13.661528912796129,163.14704899168976,0,69,0.5928192186747,0.3367416192330371,0.17326707607823402,0,1,0.8006085239111853,0.5453792290605751,0.0504461669533597,0.061224489795918366,1,0.06482184508544532,16.85031550636184,184.37720146247088,0,74,0.49015432246174434,2.4208539539584053,155.67524570469487,1,3222,0.41128012273166126,1124.3672287162542,2225694.936416468,0,3234,0.5824802432031316,67.28128761870765,5667.232259860604,9,16110,0.6040633311931094
b6c3ea7749821d1afd11377c5631c3d1,16023,2435,35,385,2207,298,447,5636,953,1341,1192,3529,2510,2175,617,415,4.118226600985219,80.74382214241227,0,54,0.47568865850840786,3.603858784893268,72.2162248470534,0,50,0.43739230613815555,0.5690978624792518,0.08084733836674048,0,1,0.6795114833804281,0.2481647662457814,0.019432476722940965,0,1,0.14447476648918875,46.355500821018126,2803.3629459314448,0,188,0.7172090203842243,7.047494227048607,8.375763395944338,1,13,0.8278148455796538,381.7824302134648,155555.0741740612,0,1502,0.8062247769306644,752.8894713848817,76204.68921262068,45,1195,0.7964746245832115
b9bd54b8bef204bdafa168f9a52e0fee,20671,2435,0,18565,403,73,71,131,927,26,2,473,14401,15733,3242,4678,12.886699507389158,2655.556949533677,0,887,0.5367565735512173,13.37151067323481,2624.3747055996396,0,820,0.5297994263603845,0.5711344043241382,0.22581173972492333,0,1,0.99863517193891,0.2924068867902744,0.06296546812382355,0.0020833333333333333,1,0.31916971103460373,21.78735632183909,11782.187951795859,0,1754,0.48663578810023583,2.567558415171022,15.670814410198524,2,480,0.15981988208373588,188.91707717569784,330417.31249983143,0,9456,0.5446368095687463,1444.4270717430197,5378622.739190688,10,13760,0.702856534366417
bc3c20b0d585bbea7c6d97d4ae056fc4,2240429,21114,1,2239971,1,1,1,1,1,1,1,450,459,2239971,459,2239970,0.9509353540137371,0.04665730650050824,0,1,0.2824102755663553,212.16864788065377,13292.32197228962,0,454,0.9692242975834251,0,0,0,0,0,0.00608905523418892,0.00020390652323210782,0,1,0.002616094792237927,213.1195358749708,13292.930916005302,0,455,0.9622424831725613,2.008552379923664,0.36991805044850035,1,46,0.000543286458707924,467.3122898413461,53320.387722509506,0,932,0.9592565551223053,553.3414346091721,37513.91962351007,8,20424,0.8977284495448192
bc5261f21ea0214543370d2278ae6ecf,896,184,0,14,514,368,0,0,0,0,0,0,374,386,85,78,6.60540540540541,15.903754565376186,0,29,0.8131477994611472,6.810810810810811,16.034477720964215,0,31,0.7909380006146661,0.46112351190476186,0.09183559287973006,0,1,0.6568871346605055,0.9936247723132966,0.0015152156097690463,0.6666666666666666,1,0.20818094555717095,16.443243243243238,80.48461650840031,0,58,0.7168570703472907,3.3950892857142825,0.27024374202806156,2,4,0.6819993084414844,57.135135135135144,1014.4736303871442,0,173,0.7046621472214069,72.44419642857143,442.4701002471299,12,104,0.8449914612490521
be799bc2fa43e6b1b4fefae4ef76bf19,11587,2160,2,1650,4966,4968,0,0,0,0,0,1,6376,6863,2,95,9.245719574271163,10.369515458612687,0,63,0.5601272387112632,9.911614993058757,47.32721816921528,0,63,0.49276202310678363,0.4955553637697417,0.04958324857462171,0,1,0.5904923530769037,0.94988073488363,0.004382293334337912,0.6666666666666666,1,0.9598469610210865,17.62933826931976,39.444747780529894,0,63,0.6288784517901745,3.287908863381364,0.5307271970104194,1,25,0.6251146586911438,60.80934752429436,342.10432724664935,0,155,0.6146001102301926,65.320186415811,457.00855341307795,17,1325,0.6701441908202165
c75da2a1b1be73fff24d160d3c0ac22c,94764,11520,24,18264,75264,0,0,0,0,1176,0,36,33492,61296,1214,29038,9.367936811040696,663.9841433780057,0,148,0.16808132080499447,14.371669125943935,3699.6306321328607,0,722,0.11087891645008201,0.3403824237052035,0.05433101748517371,0,0.5,0,0.6474138848501216,0.018211916779740628,0.07317073170731707,1,0.20406497685974168,23.737522784480497,6492.887619902809,0,869,0.11087891645008201,2.8859060402684134,1.2602508980982463,1,48,0.34786239795694024,78.8702369585973,56059.41767244622,0,2605,0.18484850922263382,857.881642817951,228312.40986562346,24,10513,0.449625127295692
c8e2565d26037b35ca703cb2843da60f,4919,1200,0,0,4919,0,0,0,0,0,0,0,2461,2458,590,631,6.147377185678602,6.407089290703491,0,15,0.8404156333895323,6.139883430474604,5.98709374161554,0,15,0.8283487602595212,0.3758894084163455,0.04665185684858251,0,0.5,0,0.6611813795508541,0.047798584004050376,0,1,0.5150979606402847,12.287260616153215,12.715982587366483,0,26,0.8425390858886636,3,0,3,3,0,36.861781848459586,114.44384328629852,0,78,0.8425390858886636,39.96645659686927,38.13325174598159,20,62,0.8595611686468609
c8ec0b61cadcb715e0cd54e1412d3f08,2048,192,0,0,0,0,0,2048,0,0,0,0,259,259,25,25,8.051813471502596,11.841874949663076,0,12,0.7397852516354431,8.051813471502596,11.841874949663076,0,12,0.7397852516354431,0.6096679687500013,0.10985770225524905,0,1,0.958646711454363,1,0,1,1,0,63.66839378238339,21.11283524389916,0,64,0.04679486038485769,6,0,6,6,0,382.0103626943007,760.0620687803696,0,384,0.04679486038485769,384,0,384,384,0
cc1a816e624e9ef4b3d833c5a43d3651,5959123,1694512,0,26222,5895212,14898,1776,0,0,0,0,21015,2966435,2975555,489366,506986,5.255684671643184,36.71180498672912,0,24,0.6885744162343851,5.257788520949648,36.70449814875841,0,24,0.7117050308037007,0.4177558067394645,0.03598094886571363,0,1,0.0286204906831654,0.9999994098592497,2.9507002896955166e-07,0.5,1,2.4945405206571722e-05,10.706788322072363,104.19257715025755,0,32,0.33325671639773374,3.044540614449606,0.6020914313215217,2,16,0.04464776310966166,34.71463718484251,1266.3979040145634,0,109,0.22430277508553068,62.225047209130445,801.0484631360239,4,482,0.3072873899742721
ccd3f620c56161946984f5058c47b06f,28889,769,0,2169,26562,23,135,0,0,0,0,0,161,28729,160,28728,1.0051948051948059,0.010362624388598415,0,3,0.03271343483601869,109.11558441558446,807.4840428402762,0,158,0.9644501306005961,3.4615251479802e-05,3.461405326416699e-05,0,1,0.0005628752368043083,0.009993176395378042,1.1443996459437055e-05,0.006329113924050633,0.022727272727272728,0,110.11818181818187,808.1431759149941,0,160,0.9632152020147644,2.9350617882238925,0.09035189569414037,2,5,0.2181132892055653,326.59350649350665,7170.417879912296,0,477,0.9724954158300039,344.74370867804174,4442.305805637208,126,691,0.8766135976843088
d1a2352797c89d56f217e8f8ddc64c82,577080,5984,0,4968,2844,0,0,0,0,0,0,569268,572700,6864,569268,3432,2986.039097744358,11555351.15636608,0,16579,0.6612664608907625,2.6105263157894703,49.95708217913202,0,62,0.35393332921582316,0.005947182366396341,0.005090436802728448,0,1,0.04002924563474238,0.06459552113165189,0.05607161643676826,0.00018096272167933406,1,0.07929541732582407,2987.8195488721894,11553774.433602812,0,16581,0.7752600194229304,30.987211478476905,20.002394158022273,2,35,0.6907577246326468,94512.84812030067,12297440814.083723,0,558711,0.7752600194229304,212410.45945102762,4722140619.296732,3171,580335,0.9101495295204365
d4c69b4ab7d0091d133e834f99c14f62,1112504,12558,0,1111019,1,0,0,11,8,826,565,74,834475,831726,279341,276592,132.91137829444992,4419.357621151506,0,812,0.932193405841344,132.47033999522276,4380.4935664979785,0,787,0.9348018963904859,0.4997788632884013,0.24976824670476283,0,1,0.9999980821433672,0.007863044768790484,8.212044201394334e-05,0.0012315270935960591,0.2,0,177.92786049844693,3877.7594268342705,0,813,0.9090209207190452,2.008618395978799,0.056135858225548216,2,10,0.005852015575038026,362.3618122461989,15478.676321773475,0,1632,0.9217096214759707,401.1649989573146,10863.571791617276,14,6340,0.7824993998037176
d7503555731fcf87ef1aaee3f6021452,16207,5995,18,10428,5760,0,0,0,0,0,1,0,10677,10687,3296,3501,4.060040026684466,158.5997974633745,0,955,0.561413797365094,4.0206804536357525,156.08496257901086,0,947,0.5686438136097166,0.4488668917310859,0.1815216376301547,0,1,0.9012518030244061,0.716097936387489,0.009378279545630428,0.3333333333333333,1,0.310206804691639,6.364743162108058,400.58160552109234,0,1519,0.4567840957237205,2.35472326772382,0.23370740629701645,1,9,0.4757551461624622,15.618912608405541,2423.983358123784,0,3730,0.4511277371297628,163.18782007774408,192882.39527831695,4,1549,0.7793798888529662
d9767a6ac2e1bfa8d3b28ec4bcf02d38,620744,19612,0,83900,402155,134607,2,2,13,0,0,65,88516,508538,4240,45411,11.17386427369603,2172.9111876218167,0,964,0.393791102753226,77.18696782746156,32642.737030998673,0,1963,0.6606204684080178,0.5299538134883274,0.06628586931927115,0,1,0.6723554663084439,0.7831175805288325,0.038134990830324456,0.0008536064874093043,1,0.1917433396350114,97.57053994799347,44920.831267933594,0,2350,0.6161719375234138,3.082834469604195,0.3559949583200469,2,13,0.45451778934368225,312.06092897568027,461913.40989088226,0,7820,0.6599961384889802,1720.110423942834,401149.91219567816,20,24616,0.9168650842462982
dde9ca6a4ca2c7fe7e7a8b9d8a69f485,1262210,290693,0,511312,425436,325462,0,0,0,0,0,0,667631,667641,56394,56394,5.325101309280597,8.003829803045253,0,56,0.3365312105466805,5.325204510585061,7.979517264174175,0,56,0.33553540602410237,0.7421142282187392,0.10711659230284955,0,1,0.9843190015785951,0.832212512413941,0.029447167530416107,0.3333333333333333,1,0.9923435205007459,12.386839769654927,70.4370475284066,0,83,0.5324873471979878,2.852758257342225,0.641263436454365,2,4,0.9849631156956146,38.1210620102239,964.9694853892327,0,271,0.5809114053082045,51.55870417759279,1668.3189363865883,7,261,0.7718024227560646
dea0f4c12895e945f674fa60145b395e,1196,385,0,1008,44,144,0,0,0,0,0,0,194,1002,194,1002,1.8652849740932638,0.25128191360841917,0,2,0.3559841166713154,5.191709844559581,2.5280141748771796,0,6,0.6318749823597932,0,0,0,0,0,0.3684308263695453,0.004883919619218073,0.3333333333333333,0.6666666666666666,0,7.056994818652851,4.1780987409058,0,8,0.6318749823597932,2.2775919732441485,0.44133734521985224,2,4,0.4737900768606109,17.44041450777202,27.199817444763646,0,20,0.6318749823597932,17.421404682274247,29.588304381382784,10,32,0.5643323182564447
e2892f9fdb14fd31d5d2a1643ae64d01,4492,510,0,0,0,4492,0,0,0,0,0,0,2246,2246,2246,2246,17.581213307240706,28.943991482875784,0,31,0.9065202487710529,17.581213307240706,28.943991482875784,0,31,0.9065202487710529,0,0,0,0,0,1,0,1,1,0,35.16242661448141,115.77596593150314,0,62,0.9065202487710529,4,0,4,4,0,140.64970645792565,1852.4154549040502,0,248,0.9065202487710529,153.82012466607372,613.8554453985267,60,216,0.8990999050696583
e8f4058878deb35689f4c4b433961d03,1327982,444258,34,885393,442016,112,32,39,30,26,13,287,1003183,781421,428542,104691,4.7818322194935945,570.7082389421712,0,2729,0.24894879959734206,4.250610567259261,266.3121467924872,0,1706,0.27060679612545147,0.4711392942435227,0.18560208193062183,0,1,0.9286309891921246,0.6932581586640997,0.004560204478884441,0.02158273381294964,1,0.07554558862871771,7.001463110482732,1010.4180287827105,0,3403,0.14360358692030678,2.3422478617933224,1.012676142495,1,374,0.13987040937008452,19.42626035713435,11401.245086933908,0,8507,0.13552418868926525,354.42129110183896,594894.224714292,3,12302,0.5645806823607754
ed66ffc6537c6fcff3ccc195baccd0b2,708975,8010,0,4005,704880,0,0,0,0,0,0,90,352815,358095,87686,90595,131.7514667332414,526.9597016934069,0,173,0.8671180466508862,133.72100861315695,526.6849899201588,0,175,0.8647536343755238,0.37574067004869305,0.04815602679151626,0,1,0.028254749595976382,0.5028248587570622,0,0.5028248587570622,0.5028248587570622,0,265.96679565597157,8.831252982709879,0,266,0.0017988230708161084,3.00526816883532,0.9444977938423784,2,89,0.03289507178710657,882.8897765572326,97.3151507552163,0,883,0.0017988230708161084,799.4013329101831,66828.88590111131,532,23674,0.03289507178710657
ee3d0bbbe59d1d3d1a087df411d44626,658969,132818,38510,131381,196019,293056,0,0,0,0,0,3,329658,405167,273,90490,6.995362109336796,238.18317517116802,0,481,0.5910249241386709,8.4860072730558,877.9306781749369,0,914,0.6599508077428469,0.4906406826421176,0.10341107559970841,0,1,0.7899295356623367,0.7063327259141803,0.1790860262434336,0,1,0.9997819746688952,15.523486850525764,899.2241281952845,0,914,0.6237103104033414,3.12884824627554,0.8933726502361661,1,87,0.7509085920639362,53.003019146356955,5694.9938923597065,0,2259,0.47817359171662066,229.8144404364993,159544.06665282833,1,47698,0.6154980853801033
ef4508038f0220f285640f4f9f1da640,55412,18234,0,36072,17406,0,0,0,0,0,0,1934,35815,54445,967,2191,4.776638332876339,66.64871115600795,0,45,0.11847770408086346,7.774499588703047,299.8256507983958,0,90,0.11847770408086346,0.7859488919367587,0.08970330988345433,0,1,0.9515212923387029,0.6788242691027655,0.0032442553049204202,0.6666666666666666,1,0.0595321703097643,8.72903756512203,292.66323962759907,0,90,0.11847770408086346,2.8725546812964926,8.487727949890207,2,18,0.6920549788995523,50.866904304907784,1304.46207714549,0,225,0.11276652950671598,121.38435717895058,1690.9609463799072,80,185,0.7798991499103903
f15059d81c66447e21458057acdd7b51,31088,8680,0,22684,7811,151,89,108,61,57,64,63,22674,26296,16,4802,6.036401336251568,13.77404644369825,0,84,0.428153828682243,6.4743693122912305,39.976102657756584,0,84,0.43935065512926724,0.7048578115999649,0.14219150675895312,0,1,0.9836183590060071,0.7223188503745562,0.017557469762233567,0.08,1,0.3197671610351312,8.390968782398346,62.06509065229122,0,112,0.3152426416858666,2.343090581574875,0.8358400623044999,2,48,0.2241253197890737,22.654072111507784,804.849692264815,0,280,0.26698648211767545,36.991829644878976,2425.2305045268176,8,2622,0.5037519038679452
f383abbb44681f47e8d615996e24a670,1950447,501058,0,1458775,0,0,0,2,0,1,28,491641,1917226,1245950,704497,33221,20.012764963806674,167648.2625965311,0,16512,0.13836840527552105,5.888160875266205,413.3454598343281,0,432,0.12588739741777144,0.6217697789276007,0.23517212093991682,0,1,0.9567824870526076,0.4660300213605291,0.014061728761927687,0.00396728515625,0.875,0,21.060262364312376,167644.41377837336,0,16513,0.13836840527552105,5.4102644163105404,40.07050067206887,2,720,0.24379086701153901,269.9219972099091,40643812.54201865,0,262401,0.5039276252676359,43180.8602602381,6906568133.888814,34,247285,0.6539277416118854
f3bda5fcae82cfa27460df877965eeca,38060,5671,489,26810,7798,468,59,45,0,762,60,1569,24789,32966,2992,5073,9.566114245416076,310.0633298938591,0,173,0.6198050774668136,13.444992947813843,796.5107259872566,0,306,0.6285628860869189,0.6493033285321054,0.17414129159756825,0,1,0.9925212453454942,0.5702673519038025,0.13933894795890026,0.005813953488372093,1,0.9071596777505394,18.603667136812415,2193.9920739992153,0,486,0.5897638428850807,2.7724645296899717,11.40744989036035,1,172,0.31159708569285416,128.12376586741848,51682.34117002132,0,2313,0.6776780221630159,378.54393063583836,329001.41948365717,4,4873,0.7948103430094279
f9b480459e7fa49c4a82fb79e80e1a86,1261897,167458,0,211605,873338,176954,0,0,0,0,0,0,736751,736751,78979,78979,12.463498527998244,295.6022765856267,0,355,0.21472376163585777,12.463498527998244,295.6022765856267,0,355,0.21472376163585777,0.4991397871617155,0.07690113871335438,0,1,0.6523885044274407,0.6974985527718359,0.012727304125623071,0.5,1,0.5102707743533915,22.399751580984223,1218.659850050854,0,710,0.21909614607198452,2.972540548079663,0.3071625517229239,2,4,0.7551608587783093,68.8988110522568,12980.46594302655,0,2276,0.20646316666353245,228.30541953899942,34659.281878684524,10,2396,0.77542334056402
fa108e7f41070f816c26768427d05cda,13362,218,0,0,11772,0,0,0,0,0,0,1590,11772,1590,11772,1590,161.26027397260273,1104.7678738975426,0,216,0.9997041236621289,108.9041095890411,1677.6757365359358,0,153,0.9536877443617295,0,0,0,0,0,0.652748076060371,0.02746072540861806,0.1388888888888889,0.7888888888888889,0,270.16438356164394,5343.927315944203,0,367,0.9876024375632237,4.427929950606204,15.096175463436127,3,15,0.5264626889276437,2117.3424657534265,502686.7183336462,0,2934,0.9989515806644387,1283.8546624756777,1421863.4404845478,376,5457,0.919349522559691
fc708b9e34c48d6902695c875d2c450b,12721,6480,2,80,0,12639,0,0,0,0,0,0,4020,4032,784,805,2.4607313686159538,2.6169196317408954,0,8,0.8352749035032532,2.4715321709612748,2.5698191151893806,0,8,0.8327174600832004,0.5401566962764957,0.13674352635509812,0,1,0.9527157962917399,0.9571693162525081,0.02411475308845044,0.25,1,0.3798624947044554,7.825644190711325,0.40749543828171303,0,8,0.177573600017812,3.986950711422061,0.026399954256431244,1,4,0.03611830773017719,31.25227588335127,7.775733518086813,0,32,0.16435712580778047,31.40806540366329,5.578392617686019,5,32,0.1399700047766594
fcbf121fcc2deb7294f9bc8a50218c71,30460,1560,0,30420,0,0,0,0,0,0,0,40,22772,22850,7570,7648,29.176169122357486,101.51861210208297,0,39,0.68104113846388,29.276105060858484,99.71300366352976,0,39,0.6704515364576401,0.5000673049215837,0.2497853383297918,0,1,0.9999975618465016,0.02564102564102564,0,0.02564102564102564,0.02564102564102564,0,39.9743754003845,1.024327364519779,0,40,0.007719723035312635,2.048588312541038,1.7954067399027995,2,39,0.014464146527371373,116.92504804612436,8.763760808069543,0,117,0.007719723035312635,81.9435325016415,2872.6507838444786,80,1560,0.014464146527371373
fd0744dcadb87117779f980d02e40b7f,27360,720,0,1080,0,26280,0,0,0,0,0,0,180,27180,180,27180,0.9986130374479893,0.0013850388868904156,0,1,0.015167197704947604,147.79472954230224,30.337891778447673,0,148,0.015167197704947604,0,0,0,0,0,0.006756756756756757,0,0.006756756756756757,0.006756756756756757,0,148.7933425797505,30.749248327854136,0,149,0.015167197704947604,3.9210526315789527,0.1516620498614963,2,4,0.2398738252803654,589.1816920943136,482.13203652655295,0,590,0.015167197704947604,584.2368421052605,3367.049168975107,298,596,0.2398738252803654
fd92521bd2148c3bd769a64c28caac3c,681935,12584,0,543628,103200,17828,17000,0,0,0,0,279,63983,623584,551,537952,19.289948351211788,1916.148985178105,0,225,0.5553369446739014,106.85482717520881,1412.4554445172078,0,243,0.8603262847556101,0.09876112337197425,0.0407643332252357,0,1,0.0690156236869268,0.05046164448783599,0.011242610186927123,0.008130081300813009,0.47368421052631576,0,125.24974175605881,5937.053958018337,0,468,0.8429229621540137,2.3114637025523264,3.3552666053293962,2,100,0.36678721158277605,471.31982518871723,73708.5121735094,0,1654,0.7945117079389609,399.0776012376615,170917.35289495255,14,12499,0.6125811905229561
ff70f721ad948efd3a66fa8d6b9d48af,7306,2297,5,3932,2870,445,33,21,0,0,0,0,4756,5276,1001,2059,4.814186248912102,5.140843136764784,0,34,0.6053694224105435,5.440382941688433,7.22033614578386,0,33,0.6655380874603057,0.5023154484898255,0.21339819589633288,0,1,0.9864434440219242,0.7006736883735233,0.08732588718276971,0,1,0.8856128713989709,8.072236727589212,13.655356267719814,0,34,0.7654897424550869,2.5390090336709563,0.43325792847026867,1,6,0.5118594726446398,21.872932985204493,136.18576868219318,0,73,0.7824488465802621,24.79058308239805,138.6098538346657,7,77,0.827678480910227
